,fit_time,score_time,test_roc_auc,test_accuracy,test_balanced_accuracy,test_average_precision,test_precision,test_neg_brier_score,test_recall,test_f1,test_specificity
count,10.0,10.0,10.0,10.0,10.0,10.0,10.0,10.0,10.0,10.0,10.0
mean,0.5990264892578125,0.14807047843933105,0.7090909090909092,0.655,0.641919191919192,0.7124819642002305,0.6841758241758241,-0.22402959579857745,0.5111111111111111,0.5712314878104352,0.7727272727272728
std,0.20426904598308007,0.004284547876455609,0.0963927844163062,0.11413929112175955,0.10799240119670814,0.08860048005479075,0.16832198677947613,0.037638992325354906,0.13042086564191857,0.1166020660823706,0.20214642521403536
min,0.5076549053192139,0.14524483680725098,0.5555555555555556,0.4,0.41414141414141414,0.6151043458319001,0.38461538461538464,-0.31530201340624997,0.3333333333333333,0.42857142857142855,0.2727272727272727
25%,0.5232357978820801,0.1455337405204773,0.6565656565656566,0.6125,0.5896464646464646,0.640734498416387,0.6,-0.23608332623205427,0.4444444444444444,0.47424242424242424,0.75
50%,0.5304580926895142,0.14638137817382812,0.7171717171717171,0.65,0.6414141414141414,0.6941361108027775,0.6666666666666666,-0.21632994084328938,0.5,0.5523809523809524,0.8181818181818182
75%,0.5561925768852234,0.1487557291984558,0.7651515151515151,0.7,0.6919191919191919,0.7477118197706434,0.7666666666666667,-0.20892524272037538,0.6388888888888888,0.6578947368421052,0.8863636363636364
max,1.17799711227417,0.15895700454711914,0.8888888888888888,0.8,0.7878787878787878,0.8830397997064665,1.0,-0.17600853906356284,0.6666666666666666,0.75,1.0
