,fit_time,score_time,test_roc_auc,test_accuracy,test_balanced_accuracy,test_average_precision,test_precision,test_neg_brier_score,test_recall,test_f1,test_specificity
count,10.0,10.0,10.0,10.0,10.0,10.0,10.0,10.0,10.0,10.0,10.0
mean,0.04034178256988526,0.005508303642272949,0.7227272727272727,0.675,0.6661616161616162,0.7163628488718788,0.6640295815295816,-0.2151072825,0.5777777777777777,0.605309210053792,0.7545454545454546
std,0.004790483044298497,0.001126119963402866,0.07254505480451226,0.09789450103725608,0.10113488364330159,0.10564772321028615,0.14299485442323404,0.03694275635913895,0.17992530076283142,0.1486393165678266,0.12892149931019786
min,0.03149008750915527,0.0040781497955322266,0.6212121212121212,0.5,0.47474747474747475,0.5609533984533984,0.4,-0.2737674375,0.2222222222222222,0.2857142857142857,0.5454545454545454
25%,0.03648608922958374,0.004940688610076904,0.6691919191919192,0.6125,0.6098484848484848,0.6237497048158812,0.5666666666666667,-0.236339103125,0.5555555555555556,0.5666666666666667,0.6590909090909091
50%,0.04207289218902588,0.005326986312866211,0.7171717171717171,0.675,0.6691919191919191,0.7433343917864041,0.6833333333333333,-0.21507058124999995,0.6111111111111112,0.6282894736842106,0.7272727272727273
75%,0.04359787702560425,0.005989789962768555,0.7626262626262625,0.7375,0.7234848484848484,0.8024153678565444,0.7410714285714286,-0.19159478750000003,0.6666666666666666,0.6666666666666667,0.8863636363636364
max,0.04563593864440918,0.007775783538818359,0.8282828282828283,0.85,0.8434343434343434,0.8332671957671958,0.875,-0.1642598,0.7777777777777778,0.823529411764706,0.9090909090909091
