,fit_time,score_time,test_roc_auc,test_accuracy,test_balanced_accuracy,test_average_precision,test_precision,test_neg_brier_score,test_recall,test_f1,test_specificity
count,10.0,10.0,10.0,10.0,10.0,10.0,10.0,10.0,10.0,10.0,10.0
mean,2.036624717712402,1.032798743247986,0.8575757575757577,0.79,0.7888888888888889,0.8771193623580105,0.7832539682539683,-0.16675880870016296,0.7777777777777777,0.7727506319079882,0.8
std,0.44199280144342784,0.1597082384278083,0.07149631664317732,0.09067647005823629,0.08527231008555157,0.06374323072377834,0.14087317733552612,0.029577693883748295,0.09072184232530289,0.08621460402998316,0.1591990974128933
min,1.6804819107055664,0.8095419406890869,0.7373737373737373,0.65,0.6717171717171717,0.7658590921748818,0.5714285714285714,-0.22133758487273242,0.6666666666666666,0.6666666666666666,0.45454545454545453
25%,1.7917869687080383,0.8974720239639282,0.8232323232323232,0.75,0.744949494949495,0.8300119248035914,0.7,-0.18182133367839426,0.6944444444444444,0.7136222910216719,0.7272727272727273
50%,1.9105334281921387,1.0426290035247803,0.8484848484848484,0.775,0.7752525252525253,0.8873176206509541,0.7638888888888888,-0.16778973076909726,0.7777777777777778,0.7573099415204678,0.8181818181818182
75%,2.020390033721924,1.10159832239151,0.9090909090909091,0.8375,0.8244949494949494,0.9209558823529413,0.861111111111111,-0.1546636889102891,0.861111111111111,0.7944444444444445,0.8863636363636364
max,3.1836841106414795,1.3124558925628662,0.9595959595959596,0.95,0.9444444444444444,0.9658119658119659,1.0,-0.11423961580902778,0.8888888888888888,0.9411764705882353,1.0
